citta,data,livello,data_estrazione,livello_n,delta_giorno_prima,delta_giorno_dopo,latitude
ANCONA,2023-07-07,Livello0,2023-07-08,0,0,1,43.59816
ANCONA,2023-07-08,Livello1,2023-07-08,1,1,0,43.59816
ANCONA,2023-07-09,Livello1,2023-07-08,1,0,0,43.59816
ANCONA,2023-07-10,Livello1,2023-07-10,1,0,1,43.59816
ANCONA,2023-07-11,Livello2,2023-07-11,2,1,0,43.59816
ANCONA,2023-07-12,Livello2,2023-07-12,2,0,-1,43.59816
ANCONA,2023-07-13,Livello1,2023-07-13,1,-1,0,43.59816
ANCONA,2023-07-14,Livello1,2023-07-14,1,0,1,43.59816
ANCONA,2023-07-15,Livello2,2023-07-14,2,1,0,43.59816
ANCONA,2023-07-16,Livello2,2023-07-14,2,0,1,43.59816
ANCONA,2023-07-17,Livello3,2023-07-17,3,1,0,43.59816
ANCONA,2023-07-18,Livello3,2023-07-18,3,0,0,43.59816
ANCONA,2023-07-19,Livello3,2023-07-19,3,0,0,43.59816
ANCONA,2023-07-20,Livello3,2023-07-20,3,0,0,43.59816
ANCONA,2023-07-21,Livello3,2023-07-21,3,0,0,43.59816
ANCONA,2023-07-22,Livello3,2023-07-21,3,0,0,43.59816
ANCONA,2023-07-23,Livello3,2023-07-21,3,0,-1,43.59816
ANCONA,2023-07-24,Livello2,2023-07-24,2,-1,1,43.59816
ANCONA,2023-07-25,Livello3,2023-07-25,3,1,-2,43.59816
ANCONA,2023-07-26,Livello1,2023-07-26,1,-2,-1,43.59816
ANCONA,2023-07-27,Livello0,2023-07-27,0,-1,1,43.59816
ANCONA,2023-07-28,Livello1,2023-07-28,1,1,0,43.59816
ANCONA,2023-07-29,Livello1,2023-07-28,1,0,0,43.59816
ANCONA,2023-07-30,Livello1,2023-07-28,1,0,0,43.59816
ANCONA,2023-07-31,Livello1,2023-07-31,1,0,1,43.59816
ANCONA,2023-08-01,Livello2,2023-08-01,2,1,-1,43.59816
ANCONA,2023-08-02,Livello1,2023-08-02,1,-1,1,43.59816
ANCONA,2023-08-03,Livello2,2023-08-03,2,1,-1,43.59816
ANCONA,2023-08-04,Livello1,2023-08-03,1,-1,-1,43.59816
ANCONA,2023-08-05,Livello0,2023-08-03,0,-1,,43.59816
BARI,2023-07-07,Livello0,2023-07-08,0,0,0,41.11773
BARI,2023-07-08,Livello0,2023-07-08,0,0,0,41.11773
BARI,2023-07-09,Livello0,2023-07-08,0,0,0,41.11773
BARI,2023-07-10,Livello0,2023-07-10,0,0,1,41.11773
BARI,2023-07-11,Livello1,2023-07-11,1,1,1,41.11773
BARI,2023-07-12,Livello2,2023-07-12,2,1,0,41.11773
BARI,2023-07-13,Livello2,2023-07-13,2,0,0,41.11773
BARI,2023-07-14,Livello2,2023-07-14,2,0,1,41.11773
BARI,2023-07-15,Livello3,2023-07-14,3,1,0,41.11773
BARI,2023-07-16,Livello3,2023-07-14,3,0,-1,41.11773
BARI,2023-07-17,Livello2,2023-07-17,2,-1,0,41.11773
BARI,2023-07-18,Livello2,2023-07-18,2,0,1,41.11773
BARI,2023-07-19,Livello3,2023-07-19,3,1,0,41.11773
BARI,2023-07-20,Livello3,2023-07-20,3,0,0,41.11773
BARI,2023-07-21,Livello3,2023-07-21,3,0,0,41.11773
BARI,2023-07-22,Livello3,2023-07-21,3,0,0,41.11773
BARI,2023-07-23,Livello3,2023-07-21,3,0,0,41.11773
BARI,2023-07-24,Livello3,2023-07-24,3,0,0,41.11773
BARI,2023-07-25,Livello3,2023-07-25,3,0,0,41.11773
BARI,2023-07-26,Livello3,2023-07-26,3,0,-2,41.11773
BARI,2023-07-27,Livello1,2023-07-27,1,-2,-1,41.11773
BARI,2023-07-28,Livello0,2023-07-28,0,-1,1,41.11773
BARI,2023-07-29,Livello1,2023-07-28,1,1,1,41.11773
BARI,2023-07-30,Livello2,2023-07-28,2,1,-2,41.11773
BARI,2023-07-31,Livello0,2023-07-31,0,-2,1,41.11773
BARI,2023-08-01,Livello1,2023-08-01,1,1,0,41.11773
BARI,2023-08-02,Livello1,2023-08-02,1,0,0,41.11773
BARI,2023-08-03,Livello1,2023-08-03,1,0,1,41.11773
BARI,2023-08-04,Livello2,2023-08-03,2,1,-2,41.11773
BARI,2023-08-05,Livello0,2023-08-03,0,-2,,41.11773
BOLOGNA,2023-07-07,Livello0,2023-07-08,0,0,1,44.50657
BOLOGNA,2023-07-08,Livello1,2023-07-08,1,1,0,44.50657
BOLOGNA,2023-07-09,Livello1,2023-07-08,1,0,1,44.50657
BOLOGNA,2023-07-10,Livello2,2023-07-10,2,1,0,44.50657
BOLOGNA,2023-07-11,Livello2,2023-07-11,2,0,1,44.50657
BOLOGNA,2023-07-12,Livello3,2023-07-12,3,1,0,44.50657
BOLOGNA,2023-07-13,Livello3,2023-07-13,3,0,0,44.50657
BOLOGNA,2023-07-14,Livello3,2023-07-14,3,0,0,44.50657
BOLOGNA,2023-07-15,Livello3,2023-07-14,3,0,0,44.50657
BOLOGNA,2023-07-16,Livello3,2023-07-14,3,0,0,44.50657
BOLOGNA,2023-07-17,Livello3,2023-07-17,3,0,0,44.50657
BOLOGNA,2023-07-18,Livello3,2023-07-18,3,0,0,44.50657
BOLOGNA,2023-07-19,Livello3,2023-07-19,3,0,0,44.50657
BOLOGNA,2023-07-20,Livello3,2023-07-20,3,0,0,44.50657
BOLOGNA,2023-07-21,Livello3,2023-07-21,3,0,-2,44.50657
BOLOGNA,2023-07-22,Livello1,2023-07-21,1,-2,0,44.50657
BOLOGNA,2023-07-23,Livello1,2023-07-21,1,0,0,44.50657
BOLOGNA,2023-07-24,Livello1,2023-07-24,1,0,0,44.50657
BOLOGNA,2023-07-25,Livello1,2023-07-25,1,0,-1,44.50657
BOLOGNA,2023-07-26,Livello0,2023-07-26,0,-1,0,44.50657
BOLOGNA,2023-07-27,Livello0,2023-07-27,0,0,0,44.50657
BOLOGNA,2023-07-28,Livello0,2023-07-28,0,0,1,44.50657
BOLOGNA,2023-07-29,Livello1,2023-07-28,1,1,1,44.50657
BOLOGNA,2023-07-30,Livello2,2023-07-28,2,1,-1,44.50657
BOLOGNA,2023-07-31,Livello1,2023-07-31,1,-1,0,44.50657
BOLOGNA,2023-08-01,Livello1,2023-08-01,1,0,0,44.50657
BOLOGNA,2023-08-02,Livello1,2023-08-02,1,0,0,44.50657
BOLOGNA,2023-08-03,Livello1,2023-08-03,1,0,-1,44.50657
BOLOGNA,2023-08-04,Livello0,2023-08-03,0,-1,0,44.50657
BOLOGNA,2023-08-05,Livello0,2023-08-03,0,0,,44.50657
BOLZANO,2023-07-07,Livello0,2023-07-08,0,0,1,46.49272
BOLZANO,2023-07-08,Livello1,2023-07-08,1,1,1,46.49272
BOLZANO,2023-07-09,Livello2,2023-07-08,2,1,0,46.49272
BOLZANO,2023-07-10,Livello2,2023-07-10,2,0,1,46.49272
BOLZANO,2023-07-11,Livello3,2023-07-11,3,1,-2,46.49272
BOLZANO,2023-07-12,Livello1,2023-07-12,1,-2,0,46.49272
BOLZANO,2023-07-13,Livello1,2023-07-13,1,0,0,46.49272
BOLZANO,2023-07-14,Livello1,2023-07-14,1,0,1,46.49272
BOLZANO,2023-07-15,Livello2,2023-07-14,2,1,0,46.49272
BOLZANO,2023-07-16,Livello2,2023-07-14,2,0,1,46.49272
BOLZANO,2023-07-17,Livello3,2023-07-17,3,1,0,46.49272
BOLZANO,2023-07-18,Livello3,2023-07-18,3,0,-2,46.49272
BOLZANO,2023-07-19,Livello1,2023-07-19,1,-2,0,46.49272
BOLZANO,2023-07-20,Livello1,2023-07-20,1,0,-1,46.49272
BOLZANO,2023-07-21,Livello0,2023-07-21,0,-1,0,46.49272
BOLZANO,2023-07-22,Livello0,2023-07-21,0,0,0,46.49272
BOLZANO,2023-07-23,Livello0,2023-07-21,0,0,1,46.49272
BOLZANO,2023-07-24,Livello1,2023-07-24,1,1,-1,46.49272
BOLZANO,2023-07-25,Livello0,2023-07-25,0,-1,0,46.49272
BOLZANO,2023-07-26,Livello0,2023-07-26,0,0,0,46.49272
BOLZANO,2023-07-27,Livello0,2023-07-27,0,0,1,46.49272
BOLZANO,2023-07-28,Livello1,2023-07-28,1,1,0,46.49272
BOLZANO,2023-07-29,Livello1,2023-07-28,1,0,0,46.49272
BOLZANO,2023-07-30,Livello1,2023-07-28,1,0,-1,46.49272
BOLZANO,2023-07-31,Livello0,2023-07-31,0,-1,0,46.49272
BOLZANO,2023-08-01,Livello0,2023-08-01,0,0,1,46.49272
BOLZANO,2023-08-02,Livello1,2023-08-02,1,1,0,46.49272
BOLZANO,2023-08-03,Livello1,2023-08-03,1,0,-1,46.49272
BOLZANO,2023-08-04,Livello0,2023-08-03,0,-1,0,46.49272
BOLZANO,2023-08-05,Livello0,2023-08-03,0,0,,46.49272
BRESCIA,2023-07-07,Livello0,2023-07-08,0,0,0,45.52478
BRESCIA,2023-07-08,Livello0,2023-07-08,0,0,1,45.52478
BRESCIA,2023-07-09,Livello1,2023-07-08,1,1,1,45.52478
BRESCIA,2023-07-10,Livello2,2023-07-10,2,1,0,45.52478
BRESCIA,2023-07-11,Livello2,2023-07-11,2,0,-1,45.52478
BRESCIA,2023-07-12,Livello1,2023-07-12,1,-1,0,45.52478
BRESCIA,2023-07-13,Livello1,2023-07-13,1,0,-1,45.52478
BRESCIA,2023-07-14,Livello0,2023-07-14,0,-1,1,45.52478
BRESCIA,2023-07-15,Livello1,2023-07-14,1,1,1,45.52478
BRESCIA,2023-07-16,Livello2,2023-07-14,2,1,1,45.52478
BRESCIA,2023-07-17,Livello3,2023-07-17,3,1,0,45.52478
BRESCIA,2023-07-18,Livello3,2023-07-18,3,0,0,45.52478
BRESCIA,2023-07-19,Livello3,2023-07-19,3,0,-2,45.52478
BRESCIA,2023-07-20,Livello1,2023-07-20,1,-2,-1,45.52478
BRESCIA,2023-07-21,Livello0,2023-07-21,0,-1,0,45.52478
BRESCIA,2023-07-22,Livello0,2023-07-21,0,0,0,45.52478
BRESCIA,2023-07-23,Livello0,2023-07-21,0,0,0,45.52478
BRESCIA,2023-07-24,Livello0,2023-07-24,0,0,0,45.52478
BRESCIA,2023-07-25,Livello0,2023-07-25,0,0,0,45.52478
BRESCIA,2023-07-26,Livello0,2023-07-26,0,0,0,45.52478
BRESCIA,2023-07-27,Livello0,2023-07-27,0,0,0,45.52478
BRESCIA,2023-07-28,Livello0,2023-07-28,0,0,0,45.52478
BRESCIA,2023-07-29,Livello0,2023-07-28,0,0,0,45.52478
BRESCIA,2023-07-30,Livello0,2023-07-28,0,0,0,45.52478
BRESCIA,2023-07-31,Livello0,2023-07-31,0,0,1,45.52478
BRESCIA,2023-08-01,Livello1,2023-08-01,1,1,0,45.52478
BRESCIA,2023-08-02,Livello1,2023-08-02,1,0,1,45.52478
BRESCIA,2023-08-03,Livello2,2023-08-03,2,1,-2,45.52478
BRESCIA,2023-08-04,Livello0,2023-08-03,0,-2,0,45.52478
BRESCIA,2023-08-05,Livello0,2023-08-03,0,0,,45.52478
CAGLIARI,2023-07-07,Livello0,2023-07-08,0,0,1,39.2133
CAGLIARI,2023-07-08,Livello1,2023-07-08,1,1,0,39.2133
CAGLIARI,2023-07-09,Livello1,2023-07-08,1,0,0,39.2133
CAGLIARI,2023-07-10,Livello1,2023-07-10,1,0,0,39.2133
CAGLIARI,2023-07-11,Livello1,2023-07-11,1,0,0,39.2133
CAGLIARI,2023-07-12,Livello1,2023-07-12,1,0,1,39.2133
CAGLIARI,2023-07-13,Livello2,2023-07-13,2,1,0,39.2133
CAGLIARI,2023-07-14,Livello2,2023-07-14,2,0,1,39.2133
CAGLIARI,2023-07-15,Livello3,2023-07-14,3,1,0,39.2133
CAGLIARI,2023-07-16,Livello3,2023-07-14,3,0,0,39.2133
CAGLIARI,2023-07-17,Livello3,2023-07-17,3,0,0,39.2133
CAGLIARI,2023-07-18,Livello3,2023-07-18,3,0,0,39.2133
CAGLIARI,2023-07-19,Livello3,2023-07-19,3,0,0,39.2133
CAGLIARI,2023-07-20,Livello3,2023-07-20,3,0,0,39.2133
CAGLIARI,2023-07-21,Livello3,2023-07-21,3,0,0,39.2133
CAGLIARI,2023-07-22,Livello3,2023-07-21,3,0,0,39.2133
CAGLIARI,2023-07-23,Livello3,2023-07-21,3,0,0,39.2133
CAGLIARI,2023-07-24,Livello3,2023-07-24,3,0,0,39.2133
CAGLIARI,2023-07-25,Livello3,2023-07-25,3,0,-2,39.2133
CAGLIARI,2023-07-26,Livello1,2023-07-26,1,-2,-1,39.2133
CAGLIARI,2023-07-27,Livello0,2023-07-27,0,-1,1,39.2133
CAGLIARI,2023-07-28,Livello1,2023-07-28,1,1,0,39.2133
CAGLIARI,2023-07-29,Livello1,2023-07-28,1,0,1,39.2133
CAGLIARI,2023-07-30,Livello2,2023-07-28,2,1,0,39.2133
CAGLIARI,2023-07-31,Livello2,2023-07-31,2,0,-1,39.2133
CAGLIARI,2023-08-01,Livello1,2023-08-01,1,-1,0,39.2133
CAGLIARI,2023-08-02,Livello1,2023-08-02,1,0,0,39.2133
CAGLIARI,2023-08-03,Livello1,2023-08-03,1,0,-1,39.2133
CAGLIARI,2023-08-04,Livello0,2023-08-03,0,-1,0,39.2133
CAGLIARI,2023-08-05,Livello0,2023-08-03,0,0,,39.2133
CAMPOBASSO,2023-07-07,Livello1,2023-07-08,1,0,0,41.56003
CAMPOBASSO,2023-07-08,Livello1,2023-07-08,1,0,0,41.56003
CAMPOBASSO,2023-07-09,Livello1,2023-07-08,1,0,0,41.56003
CAMPOBASSO,2023-07-10,Livello1,2023-07-10,1,0,1,41.56003
CAMPOBASSO,2023-07-11,Livello2,2023-07-11,2,1,0,41.56003
CAMPOBASSO,2023-07-12,Livello2,2023-07-12,2,0,1,41.56003
CAMPOBASSO,2023-07-13,Livello3,2023-07-13,3,1,0,41.56003
CAMPOBASSO,2023-07-14,Livello3,2023-07-14,3,0,0,41.56003
CAMPOBASSO,2023-07-15,Livello3,2023-07-14,3,0,0,41.56003
CAMPOBASSO,2023-07-16,Livello3,2023-07-14,3,0,0,41.56003
CAMPOBASSO,2023-07-17,Livello3,2023-07-17,3,0,0,41.56003
CAMPOBASSO,2023-07-18,Livello3,2023-07-18,3,0,0,41.56003
CAMPOBASSO,2023-07-19,Livello3,2023-07-19,3,0,0,41.56003
CAMPOBASSO,2023-07-20,Livello3,2023-07-20,3,0,0,41.56003
CAMPOBASSO,2023-07-21,Livello3,2023-07-21,3,0,0,41.56003
CAMPOBASSO,2023-07-22,Livello3,2023-07-21,3,0,0,41.56003
CAMPOBASSO,2023-07-23,Livello3,2023-07-21,3,0,0,41.56003
CAMPOBASSO,2023-07-24,Livello3,2023-07-24,3,0,0,41.56003
CAMPOBASSO,2023-07-25,Livello3,2023-07-25,3,0,-2,41.56003
CAMPOBASSO,2023-07-26,Livello1,2023-07-26,1,-2,-1,41.56003
CAMPOBASSO,2023-07-27,Livello0,2023-07-27,0,-1,0,41.56003
CAMPOBASSO,2023-07-28,Livello0,2023-07-28,0,0,1,41.56003
CAMPOBASSO,2023-07-29,Livello1,2023-07-28,1,1,1,41.56003
CAMPOBASSO,2023-07-30,Livello2,2023-07-28,2,1,0,41.56003
CAMPOBASSO,2023-07-31,Livello2,2023-07-31,2,0,0,41.56003
CAMPOBASSO,2023-08-01,Livello2,2023-08-01,2,0,1,41.56003
CAMPOBASSO,2023-08-02,Livello3,2023-08-02,3,1,0,41.56003
CAMPOBASSO,2023-08-03,Livello3,2023-08-03,3,0,0,41.56003
CAMPOBASSO,2023-08-04,Livello3,2023-08-03,3,0,-2,41.56003
CAMPOBASSO,2023-08-05,Livello1,2023-08-03,1,-2,,41.56003
CATANIA,2023-07-07,Livello1,2023-07-08,1,0,0,37.50025
CATANIA,2023-07-08,Livello1,2023-07-08,1,0,0,37.50025
CATANIA,2023-07-09,Livello1,2023-07-08,1,0,0,37.50025
CATANIA,2023-07-10,Livello1,2023-07-10,1,0,0,37.50025
CATANIA,2023-07-11,Livello1,2023-07-11,1,0,0,37.50025
CATANIA,2023-07-12,Livello1,2023-07-12,1,0,1,37.50025
CATANIA,2023-07-13,Livello2,2023-07-13,2,1,0,37.50025
CATANIA,2023-07-14,Livello2,2023-07-14,2,0,1,37.50025
CATANIA,2023-07-15,Livello3,2023-07-14,3,1,0,37.50025
CATANIA,2023-07-16,Livello3,2023-07-14,3,0,-1,37.50025
CATANIA,2023-07-17,Livello2,2023-07-17,2,-1,0,37.50025
CATANIA,2023-07-18,Livello2,2023-07-18,2,0,1,37.50025
CATANIA,2023-07-19,Livello3,2023-07-19,3,1,0,37.50025
CATANIA,2023-07-20,Livello3,2023-07-20,3,0,0,37.50025
CATANIA,2023-07-21,Livello3,2023-07-21,3,0,0,37.50025
CATANIA,2023-07-22,Livello3,2023-07-21,3,0,0,37.50025
CATANIA,2023-07-23,Livello3,2023-07-21,3,0,0,37.50025
CATANIA,2023-07-24,Livello3,2023-07-24,3,0,0,37.50025
CATANIA,2023-07-25,Livello3,2023-07-25,3,0,0,37.50025
CATANIA,2023-07-26,Livello3,2023-07-26,3,0,-2,37.50025
CATANIA,2023-07-27,Livello1,2023-07-27,1,-2,0,37.50025
CATANIA,2023-07-28,Livello1,2023-07-28,1,0,0,37.50025
CATANIA,2023-07-29,Livello1,2023-07-28,1,0,1,37.50025
CATANIA,2023-07-30,Livello2,2023-07-28,2,1,-1,37.50025
CATANIA,2023-07-31,Livello1,2023-07-31,1,-1,-1,37.50025
CATANIA,2023-08-01,Livello0,2023-08-01,0,-1,0,37.50025
CATANIA,2023-08-02,Livello0,2023-08-02,0,0,1,37.50025
CATANIA,2023-08-03,Livello1,2023-08-03,1,1,0,37.50025
CATANIA,2023-08-04,Livello1,2023-08-03,1,0,-1,37.50025
CATANIA,2023-08-05,Livello0,2023-08-03,0,-1,,37.50025
CIVITAVECCHIA,2023-07-07,Livello0,2023-07-08,0,0,1,42.09312
CIVITAVECCHIA,2023-07-08,Livello1,2023-07-08,1,1,0,42.09312
CIVITAVECCHIA,2023-07-09,Livello1,2023-07-08,1,0,0,42.09312
CIVITAVECCHIA,2023-07-10,Livello1,2023-07-10,1,0,0,42.09312
CIVITAVECCHIA,2023-07-11,Livello1,2023-07-11,1,0,0,42.09312
CIVITAVECCHIA,2023-07-12,Livello1,2023-07-12,1,0,1,42.09312
CIVITAVECCHIA,2023-07-13,Livello2,2023-07-13,2,1,0,42.09312
CIVITAVECCHIA,2023-07-14,Livello2,2023-07-14,2,0,1,42.09312
CIVITAVECCHIA,2023-07-15,Livello3,2023-07-14,3,1,0,42.09312
CIVITAVECCHIA,2023-07-16,Livello3,2023-07-14,3,0,-1,42.09312
CIVITAVECCHIA,2023-07-17,Livello2,2023-07-17,2,-1,0,42.09312
CIVITAVECCHIA,2023-07-18,Livello2,2023-07-18,2,0,1,42.09312
CIVITAVECCHIA,2023-07-19,Livello3,2023-07-19,3,1,0,42.09312
CIVITAVECCHIA,2023-07-20,Livello3,2023-07-20,3,0,0,42.09312
CIVITAVECCHIA,2023-07-21,Livello3,2023-07-21,3,0,0,42.09312
CIVITAVECCHIA,2023-07-22,Livello3,2023-07-21,3,0,0,42.09312
CIVITAVECCHIA,2023-07-23,Livello3,2023-07-21,3,0,0,42.09312
CIVITAVECCHIA,2023-07-24,Livello3,2023-07-24,3,0,0,42.09312
CIVITAVECCHIA,2023-07-25,Livello3,2023-07-25,3,0,-2,42.09312
CIVITAVECCHIA,2023-07-26,Livello1,2023-07-26,1,-2,-1,42.09312
CIVITAVECCHIA,2023-07-27,Livello0,2023-07-27,0,-1,0,42.09312
CIVITAVECCHIA,2023-07-28,Livello0,2023-07-28,0,0,0,42.09312
CIVITAVECCHIA,2023-07-29,Livello0,2023-07-28,0,0,0,42.09312
CIVITAVECCHIA,2023-07-30,Livello0,2023-07-28,0,0,0,42.09312
CIVITAVECCHIA,2023-07-31,Livello0,2023-07-31,0,0,0,42.09312
CIVITAVECCHIA,2023-08-01,Livello0,2023-08-01,0,0,0,42.09312
CIVITAVECCHIA,2023-08-02,Livello0,2023-08-02,0,0,0,42.09312
CIVITAVECCHIA,2023-08-03,Livello0,2023-08-03,0,0,0,42.09312
CIVITAVECCHIA,2023-08-04,Livello0,2023-08-03,0,0,0,42.09312
CIVITAVECCHIA,2023-08-05,Livello0,2023-08-03,0,0,,42.09312
FIRENZE,2023-07-07,Livello0,2023-07-08,0,0,1,43.78645
FIRENZE,2023-07-08,Livello1,2023-07-08,1,1,1,43.78645
FIRENZE,2023-07-09,Livello2,2023-07-08,2,1,0,43.78645
FIRENZE,2023-07-10,Livello2,2023-07-10,2,0,1,43.78645
FIRENZE,2023-07-11,Livello3,2023-07-11,3,1,0,43.78645
FIRENZE,2023-07-12,Livello3,2023-07-12,3,0,0,43.78645
FIRENZE,2023-07-13,Livello3,2023-07-13,3,0,0,43.78645
FIRENZE,2023-07-14,Livello3,2023-07-14,3,0,0,43.78645
FIRENZE,2023-07-15,Livello3,2023-07-14,3,0,0,43.78645
FIRENZE,2023-07-16,Livello3,2023-07-14,3,0,0,43.78645
FIRENZE,2023-07-17,Livello3,2023-07-17,3,0,0,43.78645
FIRENZE,2023-07-18,Livello3,2023-07-18,3,0,0,43.78645
FIRENZE,2023-07-19,Livello3,2023-07-19,3,0,0,43.78645
FIRENZE,2023-07-20,Livello3,2023-07-20,3,0,0,43.78645
FIRENZE,2023-07-21,Livello3,2023-07-21,3,0,0,43.78645
FIRENZE,2023-07-22,Livello3,2023-07-21,3,0,0,43.78645
FIRENZE,2023-07-23,Livello3,2023-07-21,3,0,0,43.78645
FIRENZE,2023-07-24,Livello3,2023-07-24,3,0,0,43.78645
FIRENZE,2023-07-25,Livello3,2023-07-25,3,0,-2,43.78645
FIRENZE,2023-07-26,Livello1,2023-07-26,1,-2,-1,43.78645
FIRENZE,2023-07-27,Livello0,2023-07-27,0,-1,0,43.78645
FIRENZE,2023-07-28,Livello0,2023-07-28,0,0,1,43.78645
FIRENZE,2023-07-29,Livello1,2023-07-28,1,1,0,43.78645
FIRENZE,2023-07-30,Livello1,2023-07-28,1,0,0,43.78645
FIRENZE,2023-07-31,Livello1,2023-07-31,1,0,-1,43.78645
FIRENZE,2023-08-01,Livello0,2023-08-01,0,-1,0,43.78645
FIRENZE,2023-08-02,Livello0,2023-08-02,0,0,1,43.78645
FIRENZE,2023-08-03,Livello1,2023-08-03,1,1,-1,43.78645
FIRENZE,2023-08-04,Livello0,2023-08-03,0,-1,0,43.78645
FIRENZE,2023-08-05,Livello0,2023-08-03,0,0,,43.78645
FROSINONE,2023-07-07,Livello1,2023-07-08,1,0,0,41.64002
FROSINONE,2023-07-08,Livello1,2023-07-08,1,0,1,41.64002
FROSINONE,2023-07-09,Livello2,2023-07-08,2,1,0,41.64002
FROSINONE,2023-07-10,Livello2,2023-07-10,2,0,1,41.64002
FROSINONE,2023-07-11,Livello3,2023-07-11,3,1,0,41.64002
FROSINONE,2023-07-12,Livello3,2023-07-12,3,0,0,41.64002
FROSINONE,2023-07-13,Livello3,2023-07-13,3,0,0,41.64002
FROSINONE,2023-07-14,Livello3,2023-07-14,3,0,0,41.64002
FROSINONE,2023-07-15,Livello3,2023-07-14,3,0,0,41.64002
FROSINONE,2023-07-16,Livello3,2023-07-14,3,0,0,41.64002
FROSINONE,2023-07-17,Livello3,2023-07-17,3,0,0,41.64002
FROSINONE,2023-07-18,Livello3,2023-07-18,3,0,0,41.64002
FROSINONE,2023-07-19,Livello3,2023-07-19,3,0,0,41.64002
FROSINONE,2023-07-20,Livello3,2023-07-20,3,0,0,41.64002
FROSINONE,2023-07-21,Livello3,2023-07-21,3,0,0,41.64002
FROSINONE,2023-07-22,Livello3,2023-07-21,3,0,0,41.64002
FROSINONE,2023-07-23,Livello3,2023-07-21,3,0,0,41.64002
FROSINONE,2023-07-24,Livello3,2023-07-24,3,0,0,41.64002
FROSINONE,2023-07-25,Livello3,2023-07-25,3,0,-2,41.64002
FROSINONE,2023-07-26,Livello1,2023-07-26,1,-2,-1,41.64002
FROSINONE,2023-07-27,Livello0,2023-07-27,0,-1,0,41.64002
FROSINONE,2023-07-28,Livello0,2023-07-28,0,0,1,41.64002
FROSINONE,2023-07-29,Livello1,2023-07-28,1,1,0,41.64002
FROSINONE,2023-07-30,Livello1,2023-07-28,1,0,0,41.64002
FROSINONE,2023-07-31,Livello1,2023-07-31,1,0,0,41.64002
FROSINONE,2023-08-01,Livello1,2023-08-01,1,0,0,41.64002
FROSINONE,2023-08-02,Livello1,2023-08-02,1,0,0,41.64002
FROSINONE,2023-08-03,Livello1,2023-08-03,1,0,-1,41.64002
FROSINONE,2023-08-04,Livello0,2023-08-03,0,-1,0,41.64002
FROSINONE,2023-08-05,Livello0,2023-08-03,0,0,,41.64002
GENOVA,2023-07-07,Livello0,2023-07-08,0,0,1,44.41286
GENOVA,2023-07-08,Livello1,2023-07-08,1,1,0,44.41286
GENOVA,2023-07-09,Livello1,2023-07-08,1,0,0,44.41286
GENOVA,2023-07-10,Livello1,2023-07-10,1,0,0,44.41286
GENOVA,2023-07-11,Livello1,2023-07-11,1,0,0,44.41286
GENOVA,2023-07-12,Livello1,2023-07-12,1,0,0,44.41286
GENOVA,2023-07-13,Livello1,2023-07-13,1,0,0,44.41286
GENOVA,2023-07-14,Livello1,2023-07-14,1,0,1,44.41286
GENOVA,2023-07-15,Livello2,2023-07-14,2,1,0,44.41286
GENOVA,2023-07-16,Livello2,2023-07-14,2,0,-1,44.41286
GENOVA,2023-07-17,Livello1,2023-07-17,1,-1,0,44.41286
GENOVA,2023-07-18,Livello1,2023-07-18,1,0,0,44.41286
GENOVA,2023-07-19,Livello1,2023-07-19,1,0,1,44.41286
GENOVA,2023-07-20,Livello2,2023-07-20,2,1,-1,44.41286
GENOVA,2023-07-21,Livello1,2023-07-21,1,-1,0,44.41286
GENOVA,2023-07-22,Livello1,2023-07-21,1,0,0,44.41286
GENOVA,2023-07-23,Livello1,2023-07-21,1,0,-1,44.41286
GENOVA,2023-07-24,Livello0,2023-07-24,0,-1,1,44.41286
GENOVA,2023-07-25,Livello1,2023-07-25,1,1,0,44.41286
GENOVA,2023-07-26,Livello1,2023-07-26,1,0,-1,44.41286
GENOVA,2023-07-27,Livello0,2023-07-27,0,-1,0,44.41286
GENOVA,2023-07-28,Livello0,2023-07-28,0,0,0,44.41286
GENOVA,2023-07-29,Livello0,2023-07-28,0,0,0,44.41286
GENOVA,2023-07-30,Livello0,2023-07-28,0,0,0,44.41286
GENOVA,2023-07-31,Livello0,2023-07-31,0,0,0,44.41286
GENOVA,2023-08-01,Livello0,2023-08-01,0,0,0,44.41286
GENOVA,2023-08-02,Livello0,2023-08-02,0,0,0,44.41286
GENOVA,2023-08-03,Livello0,2023-08-03,0,0,0,44.41286
GENOVA,2023-08-04,Livello0,2023-08-03,0,0,0,44.41286
GENOVA,2023-08-05,Livello0,2023-08-03,0,0,,44.41286
LATINA,2023-07-07,Livello1,2023-07-08,1,0,0,41.46441
LATINA,2023-07-08,Livello1,2023-07-08,1,0,0,41.46441
LATINA,2023-07-09,Livello1,2023-07-08,1,0,1,41.46441
LATINA,2023-07-10,Livello2,2023-07-10,2,1,1,41.46441
LATINA,2023-07-11,Livello3,2023-07-11,3,1,0,41.46441
LATINA,2023-07-12,Livello3,2023-07-12,3,0,0,41.46441
LATINA,2023-07-13,Livello3,2023-07-13,3,0,0,41.46441
LATINA,2023-07-14,Livello3,2023-07-14,3,0,0,41.46441
LATINA,2023-07-15,Livello3,2023-07-14,3,0,0,41.46441
LATINA,2023-07-16,Livello3,2023-07-14,3,0,0,41.46441
LATINA,2023-07-17,Livello3,2023-07-17,3,0,0,41.46441
LATINA,2023-07-18,Livello3,2023-07-18,3,0,0,41.46441
LATINA,2023-07-19,Livello3,2023-07-19,3,0,0,41.46441
LATINA,2023-07-20,Livello3,2023-07-20,3,0,0,41.46441
LATINA,2023-07-21,Livello3,2023-07-21,3,0,0,41.46441
LATINA,2023-07-22,Livello3,2023-07-21,3,0,0,41.46441
LATINA,2023-07-23,Livello3,2023-07-21,3,0,0,41.46441
LATINA,2023-07-24,Livello3,2023-07-24,3,0,0,41.46441
LATINA,2023-07-25,Livello3,2023-07-25,3,0,-2,41.46441
LATINA,2023-07-26,Livello1,2023-07-26,1,-2,-1,41.46441
LATINA,2023-07-27,Livello0,2023-07-27,0,-1,0,41.46441
LATINA,2023-07-28,Livello0,2023-07-28,0,0,1,41.46441
LATINA,2023-07-29,Livello1,2023-07-28,1,1,0,41.46441
LATINA,2023-07-30,Livello1,2023-07-28,1,0,0,41.46441
LATINA,2023-07-31,Livello1,2023-07-31,1,0,0,41.46441
LATINA,2023-08-01,Livello1,2023-08-01,1,0,0,41.46441
LATINA,2023-08-02,Livello1,2023-08-02,1,0,0,41.46441
LATINA,2023-08-03,Livello1,2023-08-03,1,0,-1,41.46441
LATINA,2023-08-04,Livello0,2023-08-03,0,-1,0,41.46441
LATINA,2023-08-05,Livello0,2023-08-03,0,0,,41.46441
MESSINA,2023-07-07,Livello1,2023-07-08,1,0,0,38.19327
MESSINA,2023-07-08,Livello1,2023-07-08,1,0,0,38.19327
MESSINA,2023-07-09,Livello1,2023-07-08,1,0,0,38.19327
MESSINA,2023-07-10,Livello1,2023-07-10,1,0,0,38.19327
MESSINA,2023-07-11,Livello1,2023-07-11,1,0,0,38.19327
MESSINA,2023-07-12,Livello1,2023-07-12,1,0,1,38.19327
MESSINA,2023-07-13,Livello2,2023-07-13,2,1,0,38.19327
MESSINA,2023-07-14,Livello2,2023-07-14,2,0,1,38.19327
MESSINA,2023-07-15,Livello3,2023-07-14,3,1,0,38.19327
MESSINA,2023-07-16,Livello3,2023-07-14,3,0,0,38.19327
MESSINA,2023-07-17,Livello3,2023-07-17,3,0,0,38.19327
MESSINA,2023-07-18,Livello3,2023-07-18,3,0,0,38.19327
MESSINA,2023-07-19,Livello3,2023-07-19,3,0,0,38.19327
MESSINA,2023-07-20,Livello3,2023-07-20,3,0,0,38.19327
MESSINA,2023-07-21,Livello3,2023-07-21,3,0,0,38.19327
MESSINA,2023-07-22,Livello3,2023-07-21,3,0,0,38.19327
MESSINA,2023-07-23,Livello3,2023-07-21,3,0,0,38.19327
MESSINA,2023-07-24,Livello3,2023-07-24,3,0,0,38.19327
MESSINA,2023-07-25,Livello3,2023-07-25,3,0,-2,38.19327
MESSINA,2023-07-26,Livello1,2023-07-26,1,-2,0,38.19327
MESSINA,2023-07-27,Livello1,2023-07-27,1,0,0,38.19327
MESSINA,2023-07-28,Livello1,2023-07-28,1,0,0,38.19327
MESSINA,2023-07-29,Livello1,2023-07-28,1,0,0,38.19327
MESSINA,2023-07-30,Livello1,2023-07-28,1,0,-1,38.19327
MESSINA,2023-07-31,Livello0,2023-07-31,0,-1,0,38.19327
MESSINA,2023-08-01,Livello0,2023-08-01,0,0,1,38.19327
MESSINA,2023-08-02,Livello1,2023-08-02,1,1,0,38.19327
MESSINA,2023-08-03,Livello1,2023-08-03,1,0,0,38.19327
MESSINA,2023-08-04,Livello1,2023-08-03,1,0,-1,38.19327
MESSINA,2023-08-05,Livello0,2023-08-03,0,-1,,38.19327
MILANO,2023-07-07,Livello0,2023-07-08,0,0,0,45.46416
MILANO,2023-07-08,Livello0,2023-07-08,0,0,1,45.46416
MILANO,2023-07-09,Livello1,2023-07-08,1,1,1,45.46416
MILANO,2023-07-10,Livello2,2023-07-10,2,1,0,45.46416
MILANO,2023-07-11,Livello2,2023-07-11,2,0,-1,45.46416
MILANO,2023-07-12,Livello1,2023-07-12,1,-1,0,45.46416
MILANO,2023-07-13,Livello1,2023-07-13,1,0,-1,45.46416
MILANO,2023-07-14,Livello0,2023-07-14,0,-1,1,45.46416
MILANO,2023-07-15,Livello1,2023-07-14,1,1,1,45.46416
MILANO,2023-07-16,Livello2,2023-07-14,2,1,-1,45.46416
MILANO,2023-07-17,Livello1,2023-07-17,1,-1,1,45.46416
MILANO,2023-07-18,Livello2,2023-07-18,2,1,0,45.46416
MILANO,2023-07-19,Livello2,2023-07-19,2,0,-1,45.46416
MILANO,2023-07-20,Livello1,2023-07-20,1,-1,-1,45.46416
MILANO,2023-07-21,Livello0,2023-07-21,0,-1,0,45.46416
MILANO,2023-07-22,Livello0,2023-07-21,0,0,0,45.46416
MILANO,2023-07-23,Livello0,2023-07-21,0,0,0,45.46416
MILANO,2023-07-24,Livello0,2023-07-24,0,0,0,45.46416
MILANO,2023-07-25,Livello0,2023-07-25,0,0,0,45.46416
MILANO,2023-07-26,Livello0,2023-07-26,0,0,0,45.46416
MILANO,2023-07-27,Livello0,2023-07-27,0,0,0,45.46416
MILANO,2023-07-28,Livello0,2023-07-28,0,0,0,45.46416
MILANO,2023-07-29,Livello0,2023-07-28,0,0,0,45.46416
MILANO,2023-07-30,Livello0,2023-07-28,0,0,0,45.46416
MILANO,2023-07-31,Livello0,2023-07-31,0,0,0,45.46416
MILANO,2023-08-01,Livello0,2023-08-01,0,0,1,45.46416
MILANO,2023-08-02,Livello1,2023-08-02,1,1,0,45.46416
MILANO,2023-08-03,Livello1,2023-08-03,1,0,-1,45.46416
MILANO,2023-08-04,Livello0,2023-08-03,0,-1,0,45.46416
MILANO,2023-08-05,Livello0,2023-08-03,0,0,,45.46416
NAPOLI,2023-07-07,Livello0,2023-07-08,0,0,0,40.83333
NAPOLI,2023-07-08,Livello0,2023-07-08,0,0,1,40.83333
NAPOLI,2023-07-09,Livello1,2023-07-08,1,1,0,40.83333
NAPOLI,2023-07-10,Livello1,2023-07-10,1,0,0,40.83333
NAPOLI,2023-07-11,Livello1,2023-07-11,1,0,0,40.83333
NAPOLI,2023-07-12,Livello1,2023-07-12,1,0,0,40.83333
NAPOLI,2023-07-13,Livello1,2023-07-13,1,0,0,40.83333
NAPOLI,2023-07-14,Livello1,2023-07-14,1,0,0,40.83333
NAPOLI,2023-07-15,Livello1,2023-07-14,1,0,0,40.83333
NAPOLI,2023-07-16,Livello1,2023-07-14,1,0,1,40.83333
NAPOLI,2023-07-17,Livello2,2023-07-17,2,1,1,40.83333
NAPOLI,2023-07-18,Livello3,2023-07-18,3,1,0,40.83333
NAPOLI,2023-07-19,Livello3,2023-07-19,3,0,0,40.83333
NAPOLI,2023-07-20,Livello3,2023-07-20,3,0,0,40.83333
NAPOLI,2023-07-21,Livello3,2023-07-21,3,0,0,40.83333
NAPOLI,2023-07-22,Livello3,2023-07-21,3,0,0,40.83333
NAPOLI,2023-07-23,Livello3,2023-07-21,3,0,0,40.83333
NAPOLI,2023-07-24,Livello3,2023-07-24,3,0,0,40.83333
NAPOLI,2023-07-25,Livello3,2023-07-25,3,0,-2,40.83333
NAPOLI,2023-07-26,Livello1,2023-07-26,1,-2,-1,40.83333
NAPOLI,2023-07-27,Livello0,2023-07-27,0,-1,0,40.83333
NAPOLI,2023-07-28,Livello0,2023-07-28,0,0,1,40.83333
NAPOLI,2023-07-29,Livello1,2023-07-28,1,1,0,40.83333
NAPOLI,2023-07-30,Livello1,2023-07-28,1,0,-1,40.83333
NAPOLI,2023-07-31,Livello0,2023-07-31,0,-1,0,40.83333
NAPOLI,2023-08-01,Livello0,2023-08-01,0,0,0,40.83333
NAPOLI,2023-08-02,Livello0,2023-08-02,0,0,0,40.83333
NAPOLI,2023-08-03,Livello0,2023-08-03,0,0,0,40.83333
NAPOLI,2023-08-04,Livello0,2023-08-03,0,0,0,40.83333
NAPOLI,2023-08-05,Livello0,2023-08-03,0,0,,40.83333
PALERMO,2023-07-07,Livello1,2023-07-08,1,0,1,38.11572
PALERMO,2023-07-08,Livello2,2023-07-08,2,1,0,38.11572
PALERMO,2023-07-09,Livello2,2023-07-08,2,0,-1,38.11572
PALERMO,2023-07-10,Livello1,2023-07-10,1,-1,0,38.11572
PALERMO,2023-07-11,Livello1,2023-07-11,1,0,0,38.11572
PALERMO,2023-07-12,Livello1,2023-07-12,1,0,0,38.11572
PALERMO,2023-07-13,Livello1,2023-07-13,1,0,1,38.11572
PALERMO,2023-07-14,Livello2,2023-07-14,2,1,0,38.11572
PALERMO,2023-07-15,Livello2,2023-07-14,2,0,1,38.11572
PALERMO,2023-07-16,Livello3,2023-07-14,3,1,0,38.11572
PALERMO,2023-07-17,Livello3,2023-07-17,3,0,0,38.11572
PALERMO,2023-07-18,Livello3,2023-07-18,3,0,0,38.11572
PALERMO,2023-07-19,Livello3,2023-07-19,3,0,0,38.11572
PALERMO,2023-07-20,Livello3,2023-07-20,3,0,0,38.11572
PALERMO,2023-07-21,Livello3,2023-07-21,3,0,0,38.11572
PALERMO,2023-07-22,Livello3,2023-07-21,3,0,0,38.11572
PALERMO,2023-07-23,Livello3,2023-07-21,3,0,0,38.11572
PALERMO,2023-07-24,Livello3,2023-07-24,3,0,0,38.11572
PALERMO,2023-07-25,Livello3,2023-07-25,3,0,-2,38.11572
PALERMO,2023-07-26,Livello1,2023-07-26,1,-2,0,38.11572
PALERMO,2023-07-27,Livello1,2023-07-27,1,0,0,38.11572
PALERMO,2023-07-28,Livello1,2023-07-28,1,0,0,38.11572
PALERMO,2023-07-29,Livello1,2023-07-28,1,0,1,38.11572
PALERMO,2023-07-30,Livello2,2023-07-28,2,1,-1,38.11572
PALERMO,2023-07-31,Livello1,2023-07-31,1,-1,0,38.11572
PALERMO,2023-08-01,Livello1,2023-08-01,1,0,0,38.11572
PALERMO,2023-08-02,Livello1,2023-08-02,1,0,0,38.11572
PALERMO,2023-08-03,Livello1,2023-08-03,1,0,0,38.11572
PALERMO,2023-08-04,Livello1,2023-08-03,1,0,-1,38.11572
PALERMO,2023-08-05,Livello0,2023-08-03,0,-1,,38.11572
PERUGIA,2023-07-07,Livello1,2023-07-08,1,0,1,43.09674
PERUGIA,2023-07-08,Livello2,2023-07-08,2,1,0,43.09674
PERUGIA,2023-07-09,Livello2,2023-07-08,2,0,0,43.09674
PERUGIA,2023-07-10,Livello2,2023-07-10,2,0,1,43.09674
PERUGIA,2023-07-11,Livello3,2023-07-11,3,1,0,43.09674
PERUGIA,2023-07-12,Livello3,2023-07-12,3,0,0,43.09674
PERUGIA,2023-07-13,Livello3,2023-07-13,3,0,0,43.09674
PERUGIA,2023-07-14,Livello3,2023-07-14,3,0,0,43.09674
PERUGIA,2023-07-15,Livello3,2023-07-14,3,0,0,43.09674
PERUGIA,2023-07-16,Livello3,2023-07-14,3,0,0,43.09674
PERUGIA,2023-07-17,Livello3,2023-07-17,3,0,0,43.09674
PERUGIA,2023-07-18,Livello3,2023-07-18,3,0,0,43.09674
PERUGIA,2023-07-19,Livello3,2023-07-19,3,0,0,43.09674
PERUGIA,2023-07-20,Livello3,2023-07-20,3,0,0,43.09674
PERUGIA,2023-07-21,Livello3,2023-07-21,3,0,0,43.09674
PERUGIA,2023-07-22,Livello3,2023-07-21,3,0,0,43.09674
PERUGIA,2023-07-23,Livello3,2023-07-21,3,0,0,43.09674
PERUGIA,2023-07-24,Livello3,2023-07-24,3,0,0,43.09674
PERUGIA,2023-07-25,Livello3,2023-07-25,3,0,-2,43.09674
PERUGIA,2023-07-26,Livello1,2023-07-26,1,-2,0,43.09674
PERUGIA,2023-07-27,Livello1,2023-07-27,1,0,0,43.09674
PERUGIA,2023-07-28,Livello1,2023-07-28,1,0,1,43.09674
PERUGIA,2023-07-29,Livello2,2023-07-28,2,1,0,43.09674
PERUGIA,2023-07-30,Livello2,2023-07-28,2,0,-1,43.09674
PERUGIA,2023-07-31,Livello1,2023-07-31,1,-1,0,43.09674
PERUGIA,2023-08-01,Livello1,2023-08-01,1,0,0,43.09674
PERUGIA,2023-08-02,Livello1,2023-08-02,1,0,1,43.09674
PERUGIA,2023-08-03,Livello2,2023-08-03,2,1,-1,43.09674
PERUGIA,2023-08-04,Livello1,2023-08-03,1,-1,-1,43.09674
PERUGIA,2023-08-05,Livello0,2023-08-03,0,-1,,43.09674
PESCARA,2023-07-07,Livello0,2023-07-08,0,0,0,42.46024
PESCARA,2023-07-08,Livello0,2023-07-08,0,0,1,42.46024
PESCARA,2023-07-09,Livello1,2023-07-08,1,1,0,42.46024
PESCARA,2023-07-10,Livello1,2023-07-10,1,0,1,42.46024
PESCARA,2023-07-11,Livello2,2023-07-11,2,1,0,42.46024
PESCARA,2023-07-12,Livello2,2023-07-12,2,0,1,42.46024
PESCARA,2023-07-13,Livello3,2023-07-13,3,1,0,42.46024
PESCARA,2023-07-14,Livello3,2023-07-14,3,0,0,42.46024
PESCARA,2023-07-15,Livello3,2023-07-14,3,0,0,42.46024
PESCARA,2023-07-16,Livello3,2023-07-14,3,0,0,42.46024
PESCARA,2023-07-17,Livello3,2023-07-17,3,0,0,42.46024
PESCARA,2023-07-18,Livello3,2023-07-18,3,0,0,42.46024
PESCARA,2023-07-19,Livello3,2023-07-19,3,0,0,42.46024
PESCARA,2023-07-20,Livello3,2023-07-20,3,0,0,42.46024
PESCARA,2023-07-21,Livello3,2023-07-21,3,0,0,42.46024
PESCARA,2023-07-22,Livello3,2023-07-21,3,0,0,42.46024
PESCARA,2023-07-23,Livello3,2023-07-21,3,0,0,42.46024
PESCARA,2023-07-24,Livello3,2023-07-24,3,0,0,42.46024
PESCARA,2023-07-25,Livello3,2023-07-25,3,0,-2,42.46024
PESCARA,2023-07-26,Livello1,2023-07-26,1,-2,-1,42.46024
PESCARA,2023-07-27,Livello0,2023-07-27,0,-1,0,42.46024
PESCARA,2023-07-28,Livello0,2023-07-28,0,0,1,42.46024
PESCARA,2023-07-29,Livello1,2023-07-28,1,1,1,42.46024
PESCARA,2023-07-30,Livello2,2023-07-28,2,1,-1,42.46024
PESCARA,2023-07-31,Livello1,2023-07-31,1,-1,0,42.46024
PESCARA,2023-08-01,Livello1,2023-08-01,1,0,0,42.46024
PESCARA,2023-08-02,Livello1,2023-08-02,1,0,0,42.46024
PESCARA,2023-08-03,Livello1,2023-08-03,1,0,0,42.46024
PESCARA,2023-08-04,Livello1,2023-08-03,1,0,-1,42.46024
PESCARA,2023-08-05,Livello0,2023-08-03,0,-1,,42.46024
REGGIO CALABRIA,2023-07-07,Livello1,2023-07-08,1,0,0,38.11047
REGGIO CALABRIA,2023-07-08,Livello1,2023-07-08,1,0,0,38.11047
REGGIO CALABRIA,2023-07-09,Livello1,2023-07-08,1,0,-1,38.11047
REGGIO CALABRIA,2023-07-10,Livello0,2023-07-10,0,-1,1,38.11047
REGGIO CALABRIA,2023-07-11,Livello1,2023-07-11,1,1,0,38.11047
REGGIO CALABRIA,2023-07-12,Livello1,2023-07-12,1,0,0,38.11047
REGGIO CALABRIA,2023-07-13,Livello1,2023-07-13,1,0,0,38.11047
REGGIO CALABRIA,2023-07-14,Livello1,2023-07-14,1,0,1,38.11047
REGGIO CALABRIA,2023-07-15,Livello2,2023-07-14,2,1,0,38.11047
REGGIO CALABRIA,2023-07-16,Livello2,2023-07-14,2,0,-1,38.11047
REGGIO CALABRIA,2023-07-17,Livello1,2023-07-17,1,-1,1,38.11047
REGGIO CALABRIA,2023-07-18,Livello2,2023-07-18,2,1,1,38.11047
REGGIO CALABRIA,2023-07-19,Livello3,2023-07-19,3,1,0,38.11047
REGGIO CALABRIA,2023-07-20,Livello3,2023-07-20,3,0,0,38.11047
REGGIO CALABRIA,2023-07-21,Livello3,2023-07-21,3,0,0,38.11047
REGGIO CALABRIA,2023-07-22,Livello3,2023-07-21,3,0,0,38.11047
REGGIO CALABRIA,2023-07-23,Livello3,2023-07-21,3,0,0,38.11047
REGGIO CALABRIA,2023-07-24,Livello3,2023-07-24,3,0,0,38.11047
REGGIO CALABRIA,2023-07-25,Livello3,2023-07-25,3,0,-2,38.11047
REGGIO CALABRIA,2023-07-26,Livello1,2023-07-26,1,-2,-1,38.11047
REGGIO CALABRIA,2023-07-27,Livello0,2023-07-27,0,-1,1,38.11047
REGGIO CALABRIA,2023-07-28,Livello1,2023-07-28,1,1,0,38.11047
REGGIO CALABRIA,2023-07-29,Livello1,2023-07-28,1,0,0,38.11047
REGGIO CALABRIA,2023-07-30,Livello1,2023-07-28,1,0,-1,38.11047
REGGIO CALABRIA,2023-07-31,Livello0,2023-07-31,0,-1,0,38.11047
REGGIO CALABRIA,2023-08-01,Livello0,2023-08-01,0,0,0,38.11047
REGGIO CALABRIA,2023-08-02,Livello0,2023-08-02,0,0,1,38.11047
REGGIO CALABRIA,2023-08-03,Livello1,2023-08-03,1,1,0,38.11047
REGGIO CALABRIA,2023-08-04,Livello1,2023-08-03,1,0,-1,38.11047
REGGIO CALABRIA,2023-08-05,Livello0,2023-08-03,0,-1,,38.11047
RIETI,2023-07-07,Livello0,2023-07-08,0,0,1,42.40723
RIETI,2023-07-08,Livello1,2023-07-08,1,1,1,42.40723
RIETI,2023-07-09,Livello2,2023-07-08,2,1,1,42.40723
RIETI,2023-07-10,Livello3,2023-07-10,3,1,0,42.40723
RIETI,2023-07-11,Livello3,2023-07-11,3,0,0,42.40723
RIETI,2023-07-12,Livello3,2023-07-12,3,0,0,42.40723
RIETI,2023-07-13,Livello3,2023-07-13,3,0,0,42.40723
RIETI,2023-07-14,Livello3,2023-07-14,3,0,0,42.40723
RIETI,2023-07-15,Livello3,2023-07-14,3,0,0,42.40723
RIETI,2023-07-16,Livello3,2023-07-14,3,0,0,42.40723
RIETI,2023-07-17,Livello3,2023-07-17,3,0,0,42.40723
RIETI,2023-07-18,Livello3,2023-07-18,3,0,0,42.40723
RIETI,2023-07-19,Livello3,2023-07-19,3,0,0,42.40723
RIETI,2023-07-20,Livello3,2023-07-20,3,0,0,42.40723
RIETI,2023-07-21,Livello3,2023-07-21,3,0,0,42.40723
RIETI,2023-07-22,Livello3,2023-07-21,3,0,0,42.40723
RIETI,2023-07-23,Livello3,2023-07-21,3,0,0,42.40723
RIETI,2023-07-24,Livello3,2023-07-24,3,0,0,42.40723
RIETI,2023-07-25,Livello3,2023-07-25,3,0,-2,42.40723
RIETI,2023-07-26,Livello1,2023-07-26,1,-2,-1,42.40723
RIETI,2023-07-27,Livello0,2023-07-27,0,-1,0,42.40723
RIETI,2023-07-28,Livello0,2023-07-28,0,0,1,42.40723
RIETI,2023-07-29,Livello1,2023-07-28,1,1,1,42.40723
RIETI,2023-07-30,Livello2,2023-07-28,2,1,-1,42.40723
RIETI,2023-07-31,Livello1,2023-07-31,1,-1,-1,42.40723
RIETI,2023-08-01,Livello0,2023-08-01,0,-1,1,42.40723
RIETI,2023-08-02,Livello1,2023-08-02,1,1,0,42.40723
RIETI,2023-08-03,Livello1,2023-08-03,1,0,-1,42.40723
RIETI,2023-08-04,Livello0,2023-08-03,0,-1,0,42.40723
RIETI,2023-08-05,Livello0,2023-08-03,0,0,,42.40723
ROMA,2023-07-07,Livello1,2023-07-08,1,0,1,41.90036
ROMA,2023-07-08,Livello2,2023-07-08,2,1,0,41.90036
ROMA,2023-07-09,Livello2,2023-07-08,2,0,1,41.90036
ROMA,2023-07-10,Livello3,2023-07-10,3,1,0,41.90036
ROMA,2023-07-11,Livello3,2023-07-11,3,0,0,41.90036
ROMA,2023-07-12,Livello3,2023-07-12,3,0,0,41.90036
ROMA,2023-07-13,Livello3,2023-07-13,3,0,0,41.90036
ROMA,2023-07-14,Livello3,2023-07-14,3,0,0,41.90036
ROMA,2023-07-15,Livello3,2023-07-14,3,0,0,41.90036
ROMA,2023-07-16,Livello3,2023-07-14,3,0,0,41.90036
ROMA,2023-07-17,Livello3,2023-07-17,3,0,0,41.90036
ROMA,2023-07-18,Livello3,2023-07-18,3,0,0,41.90036
ROMA,2023-07-19,Livello3,2023-07-19,3,0,0,41.90036
ROMA,2023-07-20,Livello3,2023-07-20,3,0,0,41.90036
ROMA,2023-07-21,Livello3,2023-07-21,3,0,0,41.90036
ROMA,2023-07-22,Livello3,2023-07-21,3,0,0,41.90036
ROMA,2023-07-23,Livello3,2023-07-21,3,0,0,41.90036
ROMA,2023-07-24,Livello3,2023-07-24,3,0,0,41.90036
ROMA,2023-07-25,Livello3,2023-07-25,3,0,-2,41.90036
ROMA,2023-07-26,Livello1,2023-07-26,1,-2,-1,41.90036
ROMA,2023-07-27,Livello0,2023-07-27,0,-1,0,41.90036
ROMA,2023-07-28,Livello0,2023-07-28,0,0,1,41.90036
ROMA,2023-07-29,Livello1,2023-07-28,1,1,1,41.90036
ROMA,2023-07-30,Livello2,2023-07-28,2,1,-1,41.90036
ROMA,2023-07-31,Livello1,2023-07-31,1,-1,0,41.90036
ROMA,2023-08-01,Livello1,2023-08-01,1,0,0,41.90036
ROMA,2023-08-02,Livello1,2023-08-02,1,0,0,41.90036
ROMA,2023-08-03,Livello1,2023-08-03,1,0,-1,41.90036
ROMA,2023-08-04,Livello0,2023-08-03,0,-1,0,41.90036
ROMA,2023-08-05,Livello0,2023-08-03,0,0,,41.90036
TORINO,2023-07-07,Livello0,2023-07-08,0,0,1,45.05
TORINO,2023-07-08,Livello1,2023-07-08,1,1,1,45.05
TORINO,2023-07-09,Livello2,2023-07-08,2,1,0,45.05
TORINO,2023-07-10,Livello2,2023-07-10,2,0,1,45.05
TORINO,2023-07-11,Livello3,2023-07-11,3,1,-2,45.05
TORINO,2023-07-12,Livello1,2023-07-12,1,-2,0,45.05
TORINO,2023-07-13,Livello1,2023-07-13,1,0,-1,45.05
TORINO,2023-07-14,Livello0,2023-07-14,0,-1,0,45.05
TORINO,2023-07-15,Livello0,2023-07-14,0,0,1,45.05
TORINO,2023-07-16,Livello1,2023-07-14,1,1,1,45.05
TORINO,2023-07-17,Livello2,2023-07-17,2,1,0,45.05
TORINO,2023-07-18,Livello2,2023-07-18,2,0,0,45.05
TORINO,2023-07-19,Livello2,2023-07-19,2,0,-1,45.05
TORINO,2023-07-20,Livello1,2023-07-20,1,-1,-1,45.05
TORINO,2023-07-21,Livello0,2023-07-21,0,-1,0,45.05
TORINO,2023-07-22,Livello0,2023-07-21,0,0,0,45.05
TORINO,2023-07-23,Livello0,2023-07-21,0,0,0,45.05
TORINO,2023-07-24,Livello0,2023-07-24,0,0,0,45.05
TORINO,2023-07-25,Livello0,2023-07-25,0,0,0,45.05
TORINO,2023-07-26,Livello0,2023-07-26,0,0,0,45.05
TORINO,2023-07-27,Livello0,2023-07-27,0,0,0,45.05
TORINO,2023-07-28,Livello0,2023-07-28,0,0,0,45.05
TORINO,2023-07-29,Livello0,2023-07-28,0,0,1,45.05
TORINO,2023-07-30,Livello1,2023-07-28,1,1,-1,45.05
TORINO,2023-07-31,Livello0,2023-07-31,0,-1,0,45.05
TORINO,2023-08-01,Livello0,2023-08-01,0,0,0,45.05
TORINO,2023-08-02,Livello0,2023-08-02,0,0,0,45.05
TORINO,2023-08-03,Livello0,2023-08-03,0,0,0,45.05
TORINO,2023-08-04,Livello0,2023-08-03,0,0,0,45.05
TORINO,2023-08-05,Livello0,2023-08-03,0,0,,45.05
TRIESTE,2023-07-07,Livello0,2023-07-08,0,0,0,45.66667
TRIESTE,2023-07-08,Livello0,2023-07-08,0,0,1,45.66667
TRIESTE,2023-07-09,Livello1,2023-07-08,1,1,0,45.66667
TRIESTE,2023-07-10,Livello1,2023-07-10,1,0,0,45.66667
TRIESTE,2023-07-11,Livello1,2023-07-11,1,0,1,45.66667
TRIESTE,2023-07-12,Livello2,2023-07-12,2,1,-1,45.66667
TRIESTE,2023-07-13,Livello1,2023-07-13,1,-1,0,45.66667
TRIESTE,2023-07-14,Livello1,2023-07-14,1,0,1,45.66667
TRIESTE,2023-07-15,Livello2,2023-07-14,2,1,0,45.66667
TRIESTE,2023-07-16,Livello2,2023-07-14,2,0,1,45.66667
TRIESTE,2023-07-17,Livello3,2023-07-17,3,1,0,45.66667
TRIESTE,2023-07-18,Livello3,2023-07-18,3,0,0,45.66667
TRIESTE,2023-07-19,Livello3,2023-07-19,3,0,-2,45.66667
TRIESTE,2023-07-20,Livello1,2023-07-20,1,-2,-1,45.66667
TRIESTE,2023-07-21,Livello0,2023-07-21,0,-1,0,45.66667
TRIESTE,2023-07-22,Livello0,2023-07-21,0,0,0,45.66667
TRIESTE,2023-07-23,Livello0,2023-07-21,0,0,2,45.66667
TRIESTE,2023-07-24,Livello2,2023-07-24,2,2,-1,45.66667
TRIESTE,2023-07-25,Livello1,2023-07-25,1,-1,-1,45.66667
TRIESTE,2023-07-26,Livello0,2023-07-26,0,-1,0,45.66667
TRIESTE,2023-07-27,Livello0,2023-07-27,0,0,0,45.66667
TRIESTE,2023-07-28,Livello0,2023-07-28,0,0,0,45.66667
TRIESTE,2023-07-29,Livello0,2023-07-28,0,0,0,45.66667
TRIESTE,2023-07-30,Livello0,2023-07-28,0,0,0,45.66667
TRIESTE,2023-07-31,Livello0,2023-07-31,0,0,0,45.66667
TRIESTE,2023-08-01,Livello0,2023-08-01,0,0,0,45.66667
TRIESTE,2023-08-02,Livello0,2023-08-02,0,0,0,45.66667
TRIESTE,2023-08-03,Livello0,2023-08-03,0,0,0,45.66667
TRIESTE,2023-08-04,Livello0,2023-08-03,0,0,0,45.66667
TRIESTE,2023-08-05,Livello0,2023-08-03,0,0,,45.66667
VENEZIA,2023-07-07,Livello0,2023-07-08,0,0,0,45.4389
VENEZIA,2023-07-08,Livello0,2023-07-08,0,0,1,45.4389
VENEZIA,2023-07-09,Livello1,2023-07-08,1,1,0,45.4389
VENEZIA,2023-07-10,Livello1,2023-07-10,1,0,0,45.4389
VENEZIA,2023-07-11,Livello1,2023-07-11,1,0,0,45.4389
VENEZIA,2023-07-12,Livello1,2023-07-12,1,0,-1,45.4389
VENEZIA,2023-07-13,Livello0,2023-07-13,0,-1,1,45.4389
VENEZIA,2023-07-14,Livello1,2023-07-14,1,1,0,45.4389
VENEZIA,2023-07-15,Livello1,2023-07-14,1,0,1,45.4389
VENEZIA,2023-07-16,Livello2,2023-07-14,2,1,0,45.4389
VENEZIA,2023-07-17,Livello2,2023-07-17,2,0,1,45.4389
VENEZIA,2023-07-18,Livello3,2023-07-18,3,1,0,45.4389
VENEZIA,2023-07-19,Livello3,2023-07-19,3,0,-2,45.4389
VENEZIA,2023-07-20,Livello1,2023-07-20,1,-2,-1,45.4389
VENEZIA,2023-07-21,Livello0,2023-07-21,0,-1,0,45.4389
VENEZIA,2023-07-22,Livello0,2023-07-21,0,0,0,45.4389
VENEZIA,2023-07-23,Livello0,2023-07-21,0,0,1,45.4389
VENEZIA,2023-07-24,Livello1,2023-07-24,1,1,0,45.4389
VENEZIA,2023-07-25,Livello1,2023-07-25,1,0,-1,45.4389
VENEZIA,2023-07-26,Livello0,2023-07-26,0,-1,0,45.4389
VENEZIA,2023-07-27,Livello0,2023-07-27,0,0,0,45.4389
VENEZIA,2023-07-28,Livello0,2023-07-28,0,0,0,45.4389
VENEZIA,2023-07-29,Livello0,2023-07-28,0,0,0,45.4389
VENEZIA,2023-07-30,Livello0,2023-07-28,0,0,0,45.4389
VENEZIA,2023-07-31,Livello0,2023-07-31,0,0,0,45.4389
VENEZIA,2023-08-01,Livello0,2023-08-01,0,0,0,45.4389
VENEZIA,2023-08-02,Livello0,2023-08-02,0,0,0,45.4389
VENEZIA,2023-08-03,Livello0,2023-08-03,0,0,0,45.4389
VENEZIA,2023-08-04,Livello0,2023-08-03,0,0,0,45.4389
VENEZIA,2023-08-05,Livello0,2023-08-03,0,0,,45.4389
VERONA,2023-07-07,Livello0,2023-07-08,0,0,0,45.43419
VERONA,2023-07-08,Livello0,2023-07-08,0,0,1,45.43419
VERONA,2023-07-09,Livello1,2023-07-08,1,1,1,45.43419
VERONA,2023-07-10,Livello2,2023-07-10,2,1,0,45.43419
VERONA,2023-07-11,Livello2,2023-07-11,2,0,-1,45.43419
VERONA,2023-07-12,Livello1,2023-07-12,1,-1,-1,45.43419
VERONA,2023-07-13,Livello0,2023-07-13,0,-1,0,45.43419
VERONA,2023-07-14,Livello0,2023-07-14,0,0,1,45.43419
VERONA,2023-07-15,Livello1,2023-07-14,1,1,1,45.43419
VERONA,2023-07-16,Livello2,2023-07-14,2,1,0,45.43419
VERONA,2023-07-17,Livello2,2023-07-17,2,0,1,45.43419
VERONA,2023-07-18,Livello3,2023-07-18,3,1,0,45.43419
VERONA,2023-07-19,Livello3,2023-07-19,3,0,-2,45.43419
VERONA,2023-07-20,Livello1,2023-07-20,1,-2,-1,45.43419
VERONA,2023-07-21,Livello0,2023-07-21,0,-1,0,45.43419
VERONA,2023-07-22,Livello0,2023-07-21,0,0,0,45.43419
VERONA,2023-07-23,Livello0,2023-07-21,0,0,0,45.43419
VERONA,2023-07-24,Livello0,2023-07-24,0,0,0,45.43419
VERONA,2023-07-25,Livello0,2023-07-25,0,0,0,45.43419
VERONA,2023-07-26,Livello0,2023-07-26,0,0,0,45.43419
VERONA,2023-07-27,Livello0,2023-07-27,0,0,0,45.43419
VERONA,2023-07-28,Livello0,2023-07-28,0,0,1,45.43419
VERONA,2023-07-29,Livello1,2023-07-28,1,1,0,45.43419
VERONA,2023-07-30,Livello1,2023-07-28,1,0,-1,45.43419
VERONA,2023-07-31,Livello0,2023-07-31,0,-1,0,45.43419
VERONA,2023-08-01,Livello0,2023-08-01,0,0,0,45.43419
VERONA,2023-08-02,Livello0,2023-08-02,0,0,1,45.43419
VERONA,2023-08-03,Livello1,2023-08-03,1,1,-1,45.43419
VERONA,2023-08-04,Livello0,2023-08-03,0,-1,0,45.43419
VERONA,2023-08-05,Livello0,2023-08-03,0,0,,45.43419
VITERBO,2023-07-07,Livello0,2023-07-08,0,0,1,42.41783
VITERBO,2023-07-08,Livello1,2023-07-08,1,1,1,42.41783
VITERBO,2023-07-09,Livello2,2023-07-08,2,1,0,42.41783
VITERBO,2023-07-10,Livello2,2023-07-10,2,0,0,42.41783
VITERBO,2023-07-11,Livello2,2023-07-11,2,0,1,42.41783
VITERBO,2023-07-12,Livello3,2023-07-12,3,1,0,42.41783
VITERBO,2023-07-13,Livello3,2023-07-13,3,0,0,42.41783
VITERBO,2023-07-14,Livello3,2023-07-14,3,0,0,42.41783
VITERBO,2023-07-15,Livello3,2023-07-14,3,0,0,42.41783
VITERBO,2023-07-16,Livello3,2023-07-14,3,0,0,42.41783
VITERBO,2023-07-17,Livello3,2023-07-17,3,0,0,42.41783
VITERBO,2023-07-18,Livello3,2023-07-18,3,0,0,42.41783
VITERBO,2023-07-19,Livello3,2023-07-19,3,0,0,42.41783
VITERBO,2023-07-20,Livello3,2023-07-20,3,0,0,42.41783
VITERBO,2023-07-21,Livello3,2023-07-21,3,0,0,42.41783
VITERBO,2023-07-22,Livello3,2023-07-21,3,0,0,42.41783
VITERBO,2023-07-23,Livello3,2023-07-21,3,0,-1,42.41783
VITERBO,2023-07-24,Livello2,2023-07-24,2,-1,0,42.41783
VITERBO,2023-07-25,Livello2,2023-07-25,2,0,-1,42.41783
VITERBO,2023-07-26,Livello1,2023-07-26,1,-1,-1,42.41783
VITERBO,2023-07-27,Livello0,2023-07-27,0,-1,0,42.41783
VITERBO,2023-07-28,Livello0,2023-07-28,0,0,0,42.41783
VITERBO,2023-07-29,Livello0,2023-07-28,0,0,1,42.41783
VITERBO,2023-07-30,Livello1,2023-07-28,1,1,-1,42.41783
VITERBO,2023-07-31,Livello0,2023-07-31,0,-1,0,42.41783
VITERBO,2023-08-01,Livello0,2023-08-01,0,0,0,42.41783
VITERBO,2023-08-02,Livello0,2023-08-02,0,0,0,42.41783
VITERBO,2023-08-03,Livello0,2023-08-03,0,0,0,42.41783
VITERBO,2023-08-04,Livello0,2023-08-03,0,0,0,42.41783
VITERBO,2023-08-05,Livello0,2023-08-03,0,0,,42.41783
